Payment Number,EMI,Principal Payment,Interest Payment,Remaining Balance
1,13215.073688176191,4881.740354842857,8333.333333333334,995118.2596451571
2,13215.073688176191,4922.421524466548,8292.652163709643,990195.8381206905
3,13215.073688176191,4963.441703837103,8251.631984339088,985232.3964168534
4,13215.073688176191,5004.803718035746,8210.269970140445,980227.5926988177
5,13215.073688176191,5046.510415686043,8168.563272490148,975181.0822831317
6,13215.073688176191,5088.564669150095,8126.509019026096,970092.5176139816
7,13215.073688176191,5130.9693747263445,8084.104313449847,964961.5482392553
8,13215.073688176191,5173.727452849063,8041.346235327128,959787.8207864063
9,13215.073688176191,5216.841848289472,7998.231839886719,954570.9789381168
10,13215.073688176191,5260.315530358551,7954.7581578176405,949310.6634077582
11,13215.073688176191,5304.151493111539,7910.922195064652,944006.5119146467
12,13215.073688176191,5348.352755554136,7866.720932622055,938658.1591590926
13,13215.073688176191,5392.922361850419,7822.151326325772,933265.2367972422
14,13215.073688176191,5437.863381532506,7777.210306643686,927827.3734157097
15,13215.073688176191,5483.1789097119445,7731.894778464247,922344.1945059978
16,13215.073688176191,5528.872067292877,7686.201620883315,916815.3224387049
17,13215.073688176191,5574.946001186983,7640.127686989208,911240.3764375179
18,13215.073688176191,5621.403884530208,7593.669803645983,905618.9725529877
19,13215.073688176191,5668.248916901293,7546.824771274898,899950.7236360864
20,13215.073688176191,5715.484324542137,7499.589363634054,894235.2393115443
21,13215.073688176191,5763.113360579988,7451.960327596204,888472.1259509644
22,13215.073688176191,5811.139305251489,7403.934382924703,882660.9866457129
23,13215.073688176191,5859.565466128584,7355.508222047607,876801.4211795842
24,13215.073688176191,5908.395178346323,7306.678509829869,870893.0260012379
25,13215.073688176191,5957.631804832542,7257.441883343649,864935.3941964054
26,13215.073688176191,6007.27873653948,7207.794951636712,858928.1154598659
27,13215.073688176191,6057.339392677309,7157.734295498883,852870.7760671886
28,13215.073688176191,6107.81722094962,7107.256467226572,846762.958846239
29,13215.073688176191,6158.715697790866,7056.357990385325,840604.2431484482
30,13215.073688176191,6210.03832860579,7005.035359570401,834394.2048198424
31,13215.073688176191,6261.788648010838,6953.285040165353,828132.4161718315
32,13215.073688176191,6313.9702200775955,6901.103468098596,821818.445951754
33,13215.073688176191,6366.586638578241,6848.48704959795,815451.8593131758
34,13215.073688176191,6419.64152723306,6795.432160943132,809032.2177859427
35,13215.073688176191,6473.138539960002,6741.935148216189,802559.0792459827
36,13215.073688176191,6527.081361126336,6687.992327049856,796031.9978848563
37,13215.073688176191,6581.473705802388,6633.599982373803,789450.524179054
38,13215.073688176191,6636.319320017408,6578.754368158783,782814.2048590366
39,13215.073688176191,6691.6219810175535,6523.451707158638,776122.5828780191
40,13215.073688176191,6747.385497526032,6467.688190650159,769375.197380493
41,13215.073688176191,6803.613710005417,6411.459978170775,762571.5836704876
42,13215.073688176191,6860.310490922127,6354.763197254064,755711.2731795656
43,13215.073688176191,6917.4797450131455,6297.593943163046,748793.7934345524
44,13215.073688176191,6975.125409554921,6239.94827862127,741818.6680249975
45,13215.073688176191,7033.2514546345465,6181.822233541645,734785.4165703629
46,13215.073688176191,7091.8618834231675,6123.211804753024,727693.5546869397
47,13215.073688176191,7150.960732451694,6064.112955724498,720542.593954488
48,13215.073688176191,7210.552071888791,6004.5216162874,713332.0418825992
49,13215.073688176191,7270.6400058211975,5944.433682354994,706061.401876778
50,13215.073688176191,7331.228672536375,5883.845015639817,698730.1732042417
51,13215.073688176191,7392.32224480751,5822.751443368681,691337.8509594342
52,13215.073688176191,7453.924930180907,5761.1487579952845,683883.9260292533
53,13215.073688176191,7516.040971265747,5699.032716910444,676367.8850579875
54,13215.073688176191,7578.674646026295,5636.399042149897,668789.2104119612
55,13215.073688176191,7641.830268076515,5573.243420099677,661147.3801438847
56,13215.073688176191,7705.512186977153,5509.5615011990385,653441.8679569075
57,13215.073688176191,7769.724788535295,5445.348899640896,645672.1431683722
58,13215.073688176191,7834.472495106423,5380.601193069769,637837.6706732658
59,13215.073688176191,7899.759765898976,5315.313922277215,629937.9109073669
60,13215.073688176191,7965.591097281467,5249.482590894724,621972.3198100855
61,13215.073688176191,8031.9710230921455,5183.102665084046,613940.3487869933
62,13215.073688176191,8098.904114951247,5116.1695732249445,605841.444672042
63,13215.073688176191,8166.394982575841,5048.67870560035,597675.0496894663
64,13215.073688176191,8234.448274097307,4980.625414078885,589440.601415369
65,13215.073688176191,8303.06867638145,4912.005011794741,581137.5327389875
66,13215.073688176191,8372.260915351297,4842.812772824896,572765.2718236361
67,13215.073688176191,8442.029756312557,4773.0439318636345,564323.2420673235
68,13215.073688176191,8512.38000428183,4702.693683894363,555810.8620630417
69,13215.073688176191,8583.31650431751,4631.757183858681,547227.5455587241
70,13215.073688176191,8654.84414185349,4560.229546322701,538572.7014168706
71,13215.073688176191,8726.967843035603,4488.105845140588,529845.733573835
72,13215.073688176191,8799.6925750609,4415.381113115292,521046.0409987741
73,13215.073688176191,8873.023346519742,4342.050341656451,512173.0176522544
74,13215.073688176191,8946.965207740737,4268.108480435453,503226.05244451365
75,13215.073688176191,9021.523251138577,4193.550437037614,494204.5291933751
76,13215.073688176191,9096.702611564731,4118.371076611459,485107.82658181037
77,13215.073688176191,9172.508466661104,4042.5652215150867,475935.3181151493
78,13215.073688176191,9248.946037216614,3966.1276509595773,466686.37207793264
79,13215.073688176191,9326.020587526753,3889.053100649439,457360.3514904059
80,13215.073688176191,9403.737425756142,3811.3362624200495,447956.6140646498
81,13215.073688176191,9482.10190430411,3732.9717838720812,438474.5121603457
82,13215.073688176191,9561.11942017331,3653.9542680028812,428913.3927401724
83,13215.073688176191,9640.795415341421,3574.27827283477,419272.59732483095
84,13215.073688176191,9721.135377135934,3493.9383110402578,409551.461947695
85,13215.073688176191,9802.144838612066,3412.928849564125,399749.31710908294
86,13215.073688176191,9883.829378933833,3331.2443092423578,389865.4877301491
87,13215.073688176191,9966.194623758282,3248.8790644179094,379899.29310639086
88,13215.073688176191,10049.246245622933,3165.8274425532572,369850.04686076794
89,13215.073688176191,10132.989964336459,3082.083723839733,359717.0568964315
90,13215.073688176191,10217.431547372596,2997.6421408035953,349499.6253490589
91,13215.073688176191,10302.576810267368,2912.496877908824,339197.04853879154
92,13215.073688176191,10388.431617019596,2826.642071156596,328808.61692177196
93,13215.073688176191,10475.001880494758,2740.0718076814333,318333.6150412772
94,13215.073688176191,10562.293562832216,2652.7801253439766,307771.32147844497
95,13215.073688176191,10650.312675855817,2564.761012320375,297121.00880258915
96,13215.073688176191,10739.065281487949,2476.0084066882428,286381.9435211012
97,13215.073688176191,10828.557492167014,2386.516196009177,275553.3860289342
98,13215.073688176191,10918.795471268406,2296.278216907785,264634.5905576658
99,13215.073688176191,11009.785433528976,2205.288254647215,253624.80512413682
100,13215.073688176191,11101.53364547505,2113.54004270114,242523.27147866177
101,13215.073688176191,11194.04642585401,2021.0272623221813,231329.22505280777
102,13215.073688176191,11287.33014606946,1927.7435421067314,220041.8949067383
103,13215.073688176191,11381.391230620038,1833.6824575561525,208660.50367611827
104,13215.073688176191,11476.236157541873,1738.837530634319,197184.2675185764
105,13215.073688176191,11571.871458854721,1643.2022293214702,185612.39605972168
106,13215.073688176191,11668.303721011844,1546.7699671643475,173944.09233870983
107,13215.073688176191,11765.53958535361,1449.5341028225819,162178.55275335623
108,13215.073688176191,11863.585748564888,1351.487939611302,150314.96700479134
109,13215.073688176191,11962.448963136263,1252.6247250399279,138352.51804165507
110,13215.073688176191,12062.136037829066,1152.9376503471256,126290.382003826
111,13215.073688176191,12162.653838144308,1052.4198500318832,114127.72816568169
112,13215.073688176191,12264.00928679551,951.0644013806807,101863.71887888618
113,13215.073688176191,12366.209364185474,848.8643239907182,89497.50951470071
114,13215.073688176191,12469.261108887018,745.8125792891726,77028.24840581369
115,13215.073688176191,12573.171618127744,641.9020700484474,64455.076787685946
116,13215.073688176191,12677.948048278808,537.1256398973829,51777.12873940714
117,13215.073688176191,12783.597615347799,431.47607282839283,38993.531124059344
118,13215.073688176191,12890.127595475697,324.94609270049455,26103.403528583647
119,13215.073688176191,12997.545325437994,217.52836273819705,13105.858203145654
120,13215.073688176191,13105.858203149977,109.21548502621378,-4.323737812228501e-09
